<WndTap Text="address_V" Name="address_V" Ver="2">
	<WndTaps>
<WndTap Text="address" Name="address" Ver="2" popup="1">
<xi:include xmlns:xi="http://www.w3.org/2001/XInclude" href="lan\address.xml"/>
<Ctrls>
<GroupBox Text="address" Name="GBaddress" id="address" Size="100,100"><Ctrls>
<xi:include xmlns:xi="http://www.w3.org/2001/XInclude" href="address_GBDEDIT.xml"></xi:include><BR AutoHeight="1"/><xi:include xmlns:xi="http://www.w3.org/2001/XInclude" href="address_GBOPE.xml"></xi:include>
<TAB/><ListCtrl loadedclick="1" ToolTip="ttp_address" Name="addressLst" Size="70,20" visible="0">
	<DbDetails fcsm="1">
<DbTable>xbs.address</DbTable>
<Index>address_id</Index>
<Data>usage_type,country,phone,email,address,postal_code,default_cb,status,address_id</Data>
<Where>address_id='%{address_id}'</Where>
<Order>address_id</Order></DbDetails>
<OnClick><assign name="usage_type[option_line_id]" function="SetSel" expr="%{addressLst[usage_type]}"/><assign name="country[country_id]" function="SetSel" expr="%{addressLst[country]}"/>
<if cond="%{address_id}"><SetVisible name="insertaddress" Visible="0"/><SetVisible name="modifyaddress" Visible="1"/></if></OnClick>
<operator firstpage="1" nextpage="1" refresh="1" prepage="1"><op/></operator>
</ListCtrl>
</Ctrls></GroupBox>
</Ctrls>
	<OnChanged/>
	<OnActivate><SetVisible name="insertaddress" Visible="1"/><SetVisible name="modifyaddress" Visible="0"/><SetVisible name="resetaddress" Visible="0"/></OnActivate>
	</WndTap>
	</WndTaps>
<xi:include xmlns:xi="http://www.w3.org/2001/XInclude" href="lan\address.xml"/>
<Ctrls>
<GroupBox Text="address_V" Name="GBaddress_V" id="address_V" Size="100,100"><Ctrls>
<GroupBox cols="xs12 sm12 md12 lg12" Name="GBDVaddress_V"><Ctrls>
<ListCtrl Heading="usage_type,120;country,120;phone,250;email,500;address,640;postal_code,100;default_cb,60;status,60;created_by,60;creation_date,150;last_update_by,60;last_update_date,150;address_id,50;" loadedclick="1" ToolTip="ttp_address" Name="addressLst" Size="700,420">
	<DbDetails fcsm="1">
<DbTable>xbs.address a left join xbs.option_line o on a.usage_type=o.option_line_id left join xbs.country c on a.country=c.country_id</DbTable>
<Index>address_id</Index>
<Data>o.option_line_value usage_type,c.namecn country,a.phone,a.email,a.address,a.postal_code,a.default_cb,a.status,a.created_by,a.creation_date,a.last_update_by,a.last_update_date,a.address_id</Data>
<Where>reftbltp='%{reftbltp}' and refid='%{refid}' and org_id=%{orgid}</Where>
<Order>address_id</Order></DbDetails>
<operator firstpage="1" nextpage="1" refresh="1" prepage="1">
<op text="addone" mustselected="0"><submit next="$this.address.GBDEDITaddress" function="reset"/><assign name="$this.address.reftbltp" expr="%{reftbltp}" function="setsel"/><assign name="$this.address.refid" expr="%{refid}"/></op>
<op text="modify"><assign name="$parent.address_V.address.reftbltp" expr="%{reftbltp}" function="setsel"/><assign name="$parent.address_V.address.refid" expr="%{refid}"/><assign name="$parent.address_V.address.address_id" expr="%{addresslst[address_id]}"/><submit next="$parent.address_V.address.addresslst"/></op>
</operator>
</ListCtrl>
</Ctrls></GroupBox>
</Ctrls></GroupBox>
	</Ctrls></WndTap>