<WndTap Text="contact_V" Name="contact_V" Ver="2">
	<WndTaps>
<WndTap Text="contact" Name="contact" Ver="2" popup="1">
<xi:include xmlns:xi="http://www.w3.org/2001/XInclude" href="lan\contact.xml"/>
<Ctrls>
<GroupBox Text="contact" Name="GBcontact" id="contact" Size="100,100"><Ctrls>
<xi:include xmlns:xi="http://www.w3.org/2001/XInclude" href="contact_GBDEDIT.xml"></xi:include><BR AutoHeight="1"/><xi:include xmlns:xi="http://www.w3.org/2001/XInclude" href="contact_GBOPE.xml"></xi:include>
<ListCtrl loadedclick="1" ToolTip="ttp_contact" Name="contactLst" Size="70,20" visible="0">
	<DbDetails fcsm="1">
<DbTable>xbs.contact</DbTable>
<Index>contactid</Index>
<Data>firstname,lastname,title,email,phone,mobile,department,fax,training,otheremail,secondaryemail,contactid</Data>
<Where>contactid='%{contactid}'</Where>
<Order>contactid</Order></DbDetails>
<OnClick><if cond="%{contactid}"><SetVisible name="insertcontact" Visible="0"/><SetVisible name="modifycontact" Visible="1"/></if></OnClick></ListCtrl>
</Ctrls></GroupBox>
</Ctrls>
	<OnChanged/>
	<OnActivate><SetVisible name="insertcontact" Visible="1"/><SetVisible name="modifycontact" Visible="0"/><SetVisible name="resetcontact" Visible="0"/></OnActivate>
	</WndTap>
	</WndTaps>
<xi:include xmlns:xi="http://www.w3.org/2001/XInclude" href="lan\contact.xml"/>
<Ctrls>
<GroupBox Text="contact_V" Name="GBcontact_V" id="contact_V" Size="100,100"><Ctrls>
<GroupBox cols="xs12 sm12 md12 lg12" Name="GBDVcontact_V"><Ctrls>
<ListCtrl Heading="firstname,100;lastname,100;title,100;email,250;phone,100;mobile,100;department,100;fax,100;training,100;otheremail,250;secondaryemail,250;created_by,60;creation_date,150;last_update_by,60;last_update_date,150;contactid,95;" loadedclick="0" ToolTip="ttp_contact" Name="contactLst" Size="700,420">
	<DbDetails fcsm="1">
<DbTable>xbs.contact</DbTable>
<Index>contactid</Index>
<Data>firstname,lastname,title,email,phone,mobile,department,fax,training,otheremail,secondaryemail,created_by,creation_date,last_update_by,last_update_date,contactid</Data>
<Where>reftbltp='%{reftbltp}' and refid='%{refid}' and org_id=%{orgid}</Where>
<Order>contactid</Order></DbDetails>
<operator firstpage="1" nextpage="1" refresh="1" prepage="1">
<op text="addone" mustselected="0"><submit next="$this.contact.GBDEDITcontact" function="reset"/><assign name="$this.contact.reftbltp" expr="%{reftbltp}" function="setsel"/><assign name="$this.contact.refid" expr="%{refid}"/></op>
<op text="modify"><assign name="$parent.contact_V.contact.reftbltp" expr="%{reftbltp}" function="setsel"/><assign name="$parent.contact_V.contact.refid" expr="%{refid}"/><assign name="$parent.contact_V.contact.contactid" expr="%{contactlst[contactid]}"/><submit next="$parent.contact_V.contact.contactlst"/></op>
</operator>
</ListCtrl>
</Ctrls></GroupBox>
</Ctrls></GroupBox>
	</Ctrls></WndTap>