<Language name="cc_co_template_line">
<Lang name="cc_co_template_line" value="cc_co_template_line"/>
<Lang name="TabEditcc_co_template_line" value="cc_co_template_line Edit"/>
<Lang name="TabViewcc_co_template_line" value="cc_co_template_line View"/>
<Lang name="field_name" value=""/>
<Lang name="ttp_field_name" value=""/>
<Lang name="required_cb" value=""/>
<Lang name="ttp_required_cb" value=""/>
<Lang name="label" value=""/>
<Lang name="ttp_label" value=""/>
<Lang name="value_type" value=""/>
<Lang name="ttp_value_type" value=""/>
<Lang name="control_type" value=""/>
<Lang name="ttp_control_type" value=""/>
<Lang name="control_value" value=""/>
<Lang name="ttp_control_value" value=""/>
<Lang name="control_uom" value=""/>
<Lang name="ttp_control_uom" value=""/>
<Lang name="active_cb" value=""/>
<Lang name="ttp_active_cb" value=""/>
<Lang name="display_weight" value=""/>
<Lang name="ttp_display_weight" value=""/>
<Lang name="list_values" value=""/>
<Lang name="ttp_list_values" value=""/>
<Lang name="lower_limit" value=""/>
<Lang name="ttp_lower_limit" value=""/>
<Lang name="upper_limit" value=""/>
<Lang name="ttp_upper_limit" value=""/>
<Lang name="list_value_option_type" value=""/>
<Lang name="ttp_list_value_option_type" value=""/>
<Lang name="created_by" value=""/>
<Lang name="ttp_created_by" value=""/>
<Lang name="creation_date" value=""/>
<Lang name="ttp_creation_date" value=""/>
<Lang name="last_update_by" value=""/>
<Lang name="ttp_last_update_by" value=""/>
<Lang name="last_update_date" value=""/>
<Lang name="ttp_last_update_date" value=""/>
<Lang name="cc_co_template_header_id" value=""/>
<Lang name="ttp_cc_co_template_header_id" value=""/>
<Lang name="cc_co_template_line_id" value=""/>
<Lang name="ttp_cc_co_template_line_id" value=""/>
<Lang name="ttp_operationcc_co_template_line" value="操作"/>
<Lang name="ttp_createcc_co_template_line" value="新增"/>
<Lang name="ttp_modifycc_co_template_line" value="修改"/>
<Lang name="ttp_resetcc_co_template_line" value="清除数据"/>
<Lang name="ttp_deletecc_co_template_line" value="删除"/>
<Lang name="ttp_refreshcc_co_template_line" value="刷新"/>
<Lang name="operation" value="操作"/>
<Lang name="create" value="新增"/>
<Lang name="modify" value="修改"/>
<Lang name="reset" value="复位"/>
<Lang name="delete" value="删除"/>
<Lang name="refresh" value="刷新"/>
<Lang name="firstpage" value="首页"/>
<Lang name="prepage" value="上页"/>
<Lang name="nextpage" value="下页"/>
</Language>
