<Language name="cc_co_pflow_action_value">
<Lang name="cc_co_pflow_action_value" value="cc_co_pflow_action_value"/>
<Lang name="TabEditcc_co_pflow_action_value" value="cc_co_pflow_action_value Edit"/>
<Lang name="TabViewcc_co_pflow_action_value" value="cc_co_pflow_action_value View"/>
<Lang name="sys_process_flow_action_id" value=""/>
<Lang name="ttp_sys_process_flow_action_id" value=""/>
<Lang name="value" value=""/>
<Lang name="ttp_value" value=""/>
<Lang name="comment" value=""/>
<Lang name="ttp_comment" value=""/>
<Lang name="action_user_id" value=""/>
<Lang name="ttp_action_user_id" value=""/>
<Lang name="action_duration" value=""/>
<Lang name="ttp_action_duration" value=""/>
<Lang name="created_by" value=""/>
<Lang name="ttp_created_by" value=""/>
<Lang name="creation_date" value=""/>
<Lang name="ttp_creation_date" value=""/>
<Lang name="last_update_by" value=""/>
<Lang name="ttp_last_update_by" value=""/>
<Lang name="last_update_date" value=""/>
<Lang name="ttp_last_update_date" value=""/>
<Lang name="cc_co_pflow_action_value_id" value=""/>
<Lang name="ttp_cc_co_pflow_action_value_id" value=""/>
<Lang name="ttp_operationcc_co_pflow_action_value" value="操作"/>
<Lang name="ttp_createcc_co_pflow_action_value" value="新增"/>
<Lang name="ttp_modifycc_co_pflow_action_value" value="修改"/>
<Lang name="ttp_resetcc_co_pflow_action_value" value="清除数据"/>
<Lang name="ttp_deletecc_co_pflow_action_value" value="删除"/>
<Lang name="ttp_refreshcc_co_pflow_action_value" value="刷新"/>
<Lang name="operation" value="操作"/>
<Lang name="create" value="新增"/>
<Lang name="modify" value="修改"/>
<Lang name="reset" value="复位"/>
<Lang name="delete" value="删除"/>
<Lang name="refresh" value="刷新"/>
<Lang name="firstpage" value="首页"/>
<Lang name="prepage" value="上页"/>
<Lang name="nextpage" value="下页"/>
</Language>
