<Language name="sys_process_flow_header">
<Lang name="sys_process_flow_header" value=""/>
<Lang name="TabEditsys_process_flow_header" value="sys_process_flow_header Edit"/>
<Lang name="TabViewsys_process_flow_header" value="sys_process_flow_header View"/>
<Lang name="process_flow" value=""/>
<Lang name="ttp_process_flow" value=""/>
<Lang name="module_name" value=""/>
<Lang name="ttp_module_name" value=""/>
<Lang name="access_org_type" value=""/>
<Lang name="ttp_access_org_type" value=""/>
<Lang name="type" value=""/>
<Lang name="ttp_type" value=""/>
<Lang name="description" value=""/>
<Lang name="ttp_description" value=""/>
<Lang name="status" value=""/>
<Lang name="ttp_status" value=""/>
<Lang name="created_by" value=""/>
<Lang name="ttp_created_by" value=""/>
<Lang name="creation_date" value=""/>
<Lang name="ttp_creation_date" value=""/>
<Lang name="last_update_by" value=""/>
<Lang name="ttp_last_update_by" value=""/>
<Lang name="last_update_date" value=""/>
<Lang name="ttp_last_update_date" value=""/>
<Lang name="sys_process_flow_header_id" value=""/>
<Lang name="ttp_sys_process_flow_header_id" value=""/>
<Lang name="ttp_operationsys_process_flow_header" value="操作"/>
<Lang name="ttp_createsys_process_flow_header" value="新增"/>
<Lang name="ttp_modifysys_process_flow_header" value="修改"/>
<Lang name="ttp_resetsys_process_flow_header" value="清除数据"/>
<Lang name="ttp_deletesys_process_flow_header" value="删除"/>
<Lang name="ttp_refreshsys_process_flow_header" value="刷新"/>
<Lang name="operation" value="操作"/>
<Lang name="create" value="新增"/>
<Lang name="modify" value="修改"/>
<Lang name="reset" value="复位"/>
<Lang name="delete" value="删除"/>
<Lang name="refresh" value="刷新"/>
<Lang name="firstpage" value="首页"/>
<Lang name="prepage" value="上页"/>
<Lang name="nextpage" value="下页"/>
</Language>
