<Language name="sys_pd_header">
<Lang name="sys_pd_header" value=""/>
<Lang name="sys_pd_process_flow" value=""/>
<Lang name="sys_pd_process_flow_diagram" value=""/>
<Lang name="sys_process_flow_diagram" value=""/>
<Lang name="TabEditsys_pd_header" value="sys_pd_header Edit"/>
<Lang name="TabViewsys_pd_header" value="sys_pd_header View"/>
<Lang name="document_number" value=""/>
<Lang name="ttp_document_number" value=""/>
<Lang name="priority" value=""/>
<Lang name="ttp_priority" value=""/>
<Lang name="status" value=""/>
<Lang name="ttp_status" value=""/>
<Lang name="security_level" value=""/>
<Lang name="ttp_security_level" value=""/>
<Lang name="primary_document" value=""/>
<Lang name="ttp_primary_document" value=""/>
<Lang name="primary_document_id" value=""/>
<Lang name="ttp_primary_document_id" value=""/>
<Lang name="template_id" value=""/>
<Lang name="ttp_template_id" value=""/>
<Lang name="change_type" value=""/>
<Lang name="ttp_change_type" value=""/>
<Lang name="originator" value=""/>
<Lang name="ttp_originator" value=""/>
<Lang name="reason_code" value=""/>
<Lang name="ttp_reason_code" value=""/>
<Lang name="product_line" value=""/>
<Lang name="ttp_product_line" value=""/>
<Lang name="process_flow_header_id" value=""/>
<Lang name="ttp_process_flow_header_id" value=""/>
<Lang name="current_process_flow_line_id" value=""/>
<Lang name="ttp_current_process_flow_line_id" value=""/>
<Lang name="origination_date" value=""/>
<Lang name="ttp_origination_date" value=""/>
<Lang name="release_date" value=""/>
<Lang name="ttp_release_date" value=""/>
<Lang name="completion_date" value=""/>
<Lang name="ttp_completion_date" value=""/>
<Lang name="project_task_id" value=""/>
<Lang name="ttp_project_task_id" value=""/>
<Lang name="access_org" value=""/>
<Lang name="ttp_access_org" value=""/>
<Lang name="related_changes" value=""/>
<Lang name="ttp_related_changes" value=""/>
<Lang name="description" value=""/>
<Lang name="ttp_description" value=""/>
<Lang name="created_by" value=""/>
<Lang name="ttp_created_by" value=""/>
<Lang name="creation_date" value=""/>
<Lang name="ttp_creation_date" value=""/>
<Lang name="last_update_by" value=""/>
<Lang name="ttp_last_update_by" value=""/>
<Lang name="last_update_date" value=""/>
<Lang name="ttp_last_update_date" value=""/>
<Lang name="sys_pd_header_id" value=""/>
<Lang name="ttp_sys_pd_header_id" value=""/>
<Lang name="org_id" value=""/>
<Lang name="ttp_org_id" value=""/>
<Lang name="owner_user_id" value=""/>
<Lang name="ttp_owner_user_id" value=""/>
<Lang name="ttp_operationsys_pd_header" value="操作"/>
<Lang name="ttp_createsys_pd_header" value="新增"/>
<Lang name="ttp_modifysys_pd_header" value="修改"/>
<Lang name="ttp_resetsys_pd_header" value="清除数据"/>
<Lang name="ttp_deletesys_pd_header" value="删除"/>
<Lang name="ttp_refreshsys_pd_header" value="刷新"/>
<Lang name="operation" value="操作"/>
<Lang name="create" value="新增"/>
<Lang name="modify" value="修改"/>
<Lang name="reset" value="复位"/>
<Lang name="delete" value="删除"/>
<Lang name="refresh" value="刷新"/>
<Lang name="firstpage" value="首页"/>
<Lang name="prepage" value="上页"/>
<Lang name="nextpage" value="下页"/>
</Language>
