﻿<GroupBox Name="GBDEDIThd_sbp_line"><Ctrls>
<GroupBox Name="GB_hd_sbp_header_id" Multiline="0" m_cols="xs12 sm6 md4 lg3"><Ctrls>
<Label Name="lb_hd_sbp_header_id" Size="60,20" Text="hd_sbp_header_id" Align="Right"/>
<TextBox Name="hd_sbp_header_id" Size="170,20" Text="" Weight="170" ToolTip="ttp_hd_sbp_header_id">
	<DbDetails>
<DbTable>xbs.hd_sbp_header</DbTable>
<Index>hd_sbp_header_id</Index>
<Data>business_process,hd_sbp_header_id</Data>
<Where></Where>
<queryFormat></queryFormat></DbDetails></TextBox>
</Ctrls></GroupBox>
<GroupBox Name="GB_hd_service_activity_header_id" Multiline="0" m_cols="xs12 sm6 md4 lg3"><Ctrls>
<Label Name="lb_hd_service_activity_header_id" Size="60,20" Text="hd_service_activity_header_id" Align="Right"/>
<TextBox Name="hd_service_activity_header_id" Size="170,20" Text="" Weight="170" ToolTip="ttp_hd_service_activity_header_id"></TextBox>
</Ctrls></GroupBox>
<GroupBox Name="GB_start_date" Multiline="0" m_cols="xs12 sm6 md4 lg3"><Ctrls>
<Label Name="lb_start_date" Size="60,20" Text="start_date" Align="Right"/>
<DateTime Name="start_date" Format="yyyy-MM-dd" Size="170,20" Text="" Weight="170"  ToolTip="ttp_start_date"></DateTime>
</Ctrls></GroupBox>
<BR AutoHeight="1"/><GroupBox Name="GB_end_date" Multiline="0" m_cols="xs12 sm6 md4 lg3"><Ctrls>
<Label Name="lb_end_date" Size="60,20" Text="end_date" Align="Right"/>
<DateTime Name="end_date" Format="yyyy-MM-dd" Size="170,20" Text="" Weight="170"  ToolTip="ttp_end_date"></DateTime>
</Ctrls></GroupBox>
<GroupBox Name="GB_description" Multiline="0" m_cols="xs12 sm6 md4 lg3"><Ctrls>
<Label Name="lb_description" Size="60,20" Text="description" Align="Right"/>
<TextBox Name="description" Size="170,20" Text="" Weight="170" ToolTip="ttp_description"></TextBox>
</Ctrls></GroupBox>
<GroupBox Name="GB_created_by" Multiline="0" m_cols="xs12 sm6 md4 lg3" Visible="false" overlap="pre"><Ctrls>
<Label Name="lb_created_by" Size="60,20" Text="created_by" Align="Right" Visible="false" overlap="pre"/>
<TextBox Name="created_by" Size="170,20" Text="" Weight="170" ToolTip="ttp_created_by" Visible="false" overlap="pre">
	<DbDetails>
<DbTable>xbs.user_v</DbTable>
<Index>xerp_user_id</Index>
<Data>NAME,username,xerp_user_id</Data>
<Where></Where>
<queryFormat></queryFormat></DbDetails></TextBox>
</Ctrls></GroupBox>
<GroupBox Name="GB_creation_date" Multiline="0" m_cols="xs12 sm6 md4 lg3" Visible="false" overlap="pre"><Ctrls>
<Label Name="lb_creation_date" Size="60,20" Text="creation_date" Align="Right" Visible="false" overlap="pre"/>
<DateTime Name="creation_date" Format="yyyy-MM-dd HH:mm:ss" Size="170,20" Text="" Weight="170" ToolTip="ttp_creation_date" Visible="false" overlap="pre"></DateTime>
</Ctrls></GroupBox>
<GroupBox Name="GB_last_update_by" Multiline="0" m_cols="xs12 sm6 md4 lg3" Visible="false" overlap="pre"><Ctrls>
<Label Name="lb_last_update_by" Size="60,20" Text="last_update_by" Align="Right" Visible="false" overlap="pre"/>
<TextBox Name="last_update_by" Size="170,20" Text="" Weight="170" ToolTip="ttp_last_update_by" Visible="false" overlap="pre">
	<DbDetails>
<DbTable>xbs.user_v</DbTable>
<Index></Index>
<Data>NAME,username,xerp_user_id</Data>
<Where></Where>
<queryFormat></queryFormat></DbDetails></TextBox>
</Ctrls></GroupBox>
<GroupBox Name="GB_last_update_date" Multiline="0" m_cols="xs12 sm6 md4 lg3" Visible="false" overlap="pre"><Ctrls>
<Label Name="lb_last_update_date" Size="60,20" Text="last_update_date" Align="Right" Visible="false" overlap="pre"/>
<DateTime Name="last_update_date" Format="yyyy-MM-dd HH:mm:ss" Size="170,20" Text="" Weight="170" ToolTip="ttp_last_update_date" Visible="false" overlap="pre"></DateTime>
</Ctrls></GroupBox>
<GroupBox Name="GB_hd_sbp_line_id" Multiline="0" m_cols="xs12 sm6 md4 lg3" Visible="false" overlap="pre"><Ctrls>
<Label Name="lb_hd_sbp_line_id" Size="60,20" Text="hd_sbp_line_id" Align="Right" Visible="false" overlap="pre" readonly="true"/>
<TextBox Name="hd_sbp_line_id" Size="170,20" Text="" Weight="170" ToolTip="ttp_hd_sbp_line_id" Visible="false" overlap="pre" readonly="true"><OnEnChange><if cond="'%{hd_sbp_line_id}'"><SetVisible name="inserthd_sbp_line" Visible="0"/><SetVisible name="modifyhd_sbp_line" Visible="1"/><else/><SetVisible name="inserthd_sbp_line" Visible="1"/><SetVisible name="modifyhd_sbp_line" Visible="0"/></if></OnEnChange></TextBox>
</Ctrls></GroupBox>
</Ctrls></GroupBox>