﻿<GroupBox Name="GBDEDIThd_sbp_line"><Ctrls>
<GroupBox m_cols="xs12 sm6 md4 lg3" Multiline="0" Name="GB_hd_sbp_header_id"><Ctrls>
<Label Align="Right" Text="hd_sbp_header_id" Name="lb_hd_sbp_header_id" Size="60,20"/>
<TextBox Weight="170" Text="" ToolTip="ttp_hd_sbp_header_id" Name="hd_sbp_header_id" Size="170,20">
	<DbDetails>
<DbTable>xbs.hd_sbp_header</DbTable>
<Index>hd_sbp_header_id</Index>
<Data>business_process,hd_sbp_header_id</Data>
<Where/>
<queryFormat/></DbDetails></TextBox>
</Ctrls></GroupBox>
<GroupBox m_cols="xs12 sm6 md4 lg3" Multiline="0" Name="GB_hd_service_activity_header_id"><Ctrls>
<Label Align="Right" Text="hd_service_activity_header_id" Name="lb_hd_service_activity_header_id" Size="60,20"/>
<TextBox Weight="170" Text="" ToolTip="ttp_hd_service_activity_header_id" Name="hd_service_activity_header_id" Size="170,20"/>
</Ctrls></GroupBox>
<GroupBox m_cols="xs12 sm6 md4 lg3" Multiline="0" Name="GB_start_date"><Ctrls>
<Label Align="Right" Text="start_date" Name="lb_start_date" Size="60,20"/>
<DateTime Weight="170" Text="" ToolTip="ttp_start_date" Name="start_date" Size="170,20" Format="yyyy-MM-dd"/>
</Ctrls></GroupBox>
<BR AutoHeight="1"/><GroupBox m_cols="xs12 sm6 md4 lg3" Multiline="0" Name="GB_end_date"><Ctrls>
<Label Align="Right" Text="end_date" Name="lb_end_date" Size="60,20"/>
<DateTime Weight="170" Text="" ToolTip="ttp_end_date" Name="end_date" Size="170,20" Format="yyyy-MM-dd"/>
</Ctrls></GroupBox>
<GroupBox m_cols="xs12 sm6 md4 lg3" Multiline="0" Name="GB_description"><Ctrls>
<Label Align="Right" Text="description" Name="lb_description" Size="60,20"/>
<TextBox Weight="170" Text="" ToolTip="ttp_description" Name="description" Size="170,20"/>
</Ctrls></GroupBox>
<GroupBox m_cols="xs12 sm6 md4 lg3" Multiline="0" overlap="pre" Name="GB_created_by" Visible="false"><Ctrls>
<Label Align="Right" Text="created_by" overlap="pre" Name="lb_created_by" Size="60,20" Visible="false"/>
<TextBox Weight="170" Text="" ToolTip="ttp_created_by" overlap="pre" Name="created_by" Size="170,20" Visible="false">
	<DbDetails>
<DbTable>xbs.user_v</DbTable>
<Index>xerp_user_id</Index>
<Data>NAME,username,xerp_user_id</Data>
<Where/>
<queryFormat/></DbDetails></TextBox>
</Ctrls></GroupBox>
<GroupBox m_cols="xs12 sm6 md4 lg3" Multiline="0" overlap="pre" Name="GB_creation_date" Visible="false"><Ctrls>
<Label Align="Right" Text="creation_date" overlap="pre" Name="lb_creation_date" Size="60,20" Visible="false"/>
<DateTime Weight="170" Text="" ToolTip="ttp_creation_date" overlap="pre" Name="creation_date" Size="170,20" Visible="false" Format="yyyy-MM-dd HH:mm:ss"/>
</Ctrls></GroupBox>
<GroupBox m_cols="xs12 sm6 md4 lg3" Multiline="0" overlap="pre" Name="GB_last_update_by" Visible="false"><Ctrls>
<Label Align="Right" Text="last_update_by" overlap="pre" Name="lb_last_update_by" Size="60,20" Visible="false"/>
<TextBox Weight="170" Text="" ToolTip="ttp_last_update_by" overlap="pre" Name="last_update_by" Size="170,20" Visible="false">
	<DbDetails>
<DbTable>xbs.user_v</DbTable>
<Index/>
<Data>NAME,username,xerp_user_id</Data>
<Where/>
<queryFormat/></DbDetails></TextBox>
</Ctrls></GroupBox>
<GroupBox m_cols="xs12 sm6 md4 lg3" Multiline="0" overlap="pre" Name="GB_last_update_date" Visible="false"><Ctrls>
<Label Align="Right" Text="last_update_date" overlap="pre" Name="lb_last_update_date" Size="60,20" Visible="false"/>
<DateTime Weight="170" Text="" ToolTip="ttp_last_update_date" overlap="pre" Name="last_update_date" Size="170,20" Visible="false" Format="yyyy-MM-dd HH:mm:ss"/>
</Ctrls></GroupBox>
<GroupBox m_cols="xs12 sm6 md4 lg3" Multiline="0" overlap="pre" Name="GB_hd_sbp_line_id" Visible="false"><Ctrls>
<Label Align="Right" Text="hd_sbp_line_id" overlap="pre" Name="lb_hd_sbp_line_id" readonly="true" Size="60,20" Visible="false"/>
<TextBox Weight="170" Text="" ToolTip="ttp_hd_sbp_line_id" overlap="pre" Name="hd_sbp_line_id" readonly="true" Size="170,20" Visible="false"><OnEnChange><if cond="'%{hd_sbp_line_id}'"><SetVisible name="inserthd_sbp_line" Visible="0"/><SetVisible name="modifyhd_sbp_line" Visible="1"/><else/><SetVisible name="inserthd_sbp_line" Visible="1"/><SetVisible name="modifyhd_sbp_line" Visible="0"/></if></OnEnChange></TextBox>
</Ctrls></GroupBox>
</Ctrls></GroupBox>