﻿<WndTap Name="hd_sbp_header" Text="hd_sbp_header" Ver="2">
<var name="refreshAfterEdit" expr="0"/>
<var name="dataRequired" expr=""/>
<var name="dataRequireless" expr=""/>
<xi:include href="lan\hd_sdb_header.xml" xmlns:xi="http://www.w3.org/2001/XInclude"/>
<xi:include xmlns:xi="http://www.w3.org/2001/XInclude" href="lan\hd_sdb_line.xml"/>
<Ctrls>
<GroupBox  Name="GBhd_sbp_header" id="hd_sbp_header" Text="hd_sbp_header" Size="100,100"><Ctrls>
<xi:include xmlns:xi="http://www.w3.org/2001/XInclude" href="hd_sdb_header_GBDEDIT.xml"/>
<BR AutoHeight="1"/><xi:include xmlns:xi="http://www.w3.org/2001/XInclude" href="hd_sdb_header_GBOPE.xml"/>
<xi:include xmlns:xi="http://www.w3.org/2001/XInclude" href="hd_sdb_header_Vh.xml"/>
<BR/><xi:include xmlns:xi="http://www.w3.org/2001/XInclude" href="hd_sdb_line_Vv.xml"/>
</Ctrls></GroupBox></Ctrls>
	<OnChanged></OnChanged>
	<OnActivate><SetVisible name="inserthd_sbp_header" Visible="1"/><SetVisible name="modifyhd_sbp_header" Visible="0"/></OnActivate>
</WndTap>
