﻿<?xml version="1.0" encoding="UTF-8"?><WndTap Text="hd_sdb_line" Name="hd_sdb_line" Ver="2">
<var name="refreshAfterEdit" expr="0"/>
<var name="dataRequired" expr=""/>
<var name="dataRequireless" expr=""/>
<xi:include xmlns:xi="http://www.w3.org/2001/XInclude" href="lan\hd_sdb_line.xml"/>
<Ctrls>
<GroupBox Text="hd_sbp_line" Name="GBhd_sbp_line" id="hd_sbp_line" Size="100,100"><Ctrls>
<xi:include xmlns:xi="http://www.w3.org/2001/XInclude" href="hd_sdb_line_GBDEDIT.xml"></xi:include><BR AutoHeight="1"/><xi:include xmlns:xi="http://www.w3.org/2001/XInclude" href="hd_sdb_line_GBOPE.xml"></xi:include>
<TAB/><xi:include xmlns:xi="http://www.w3.org/2001/XInclude" href="hd_sdb_line_GBOPV.xml"></xi:include>
<BR/><xi:include xmlns:xi="http://www.w3.org/2001/XInclude" href="hd_sdb_line_GBDV.xml"></xi:include></Ctrls></GroupBox>
</Ctrls>
	<OnChanged/>
	<OnActivate/>
	</WndTap>