﻿<WndTap Name="hd_sbp_line" Text="hd_sbp_line" Ver="2">
<var name="refreshAfterEdit" expr="0"/>
<var name="dataRequired" expr=""/>
<var name="dataRequireless" expr=""/>
<xi:include href="lan\hd_sdb_line.xml" xmlns:xi="http://www.w3.org/2001/XInclude"/>
<Ctrls>
<GroupBox  Name="GBhd_sbp_line" id="hd_sbp_line" Text="hd_sbp_line" Size="100,100"><Ctrls>
<xi:include xmlns:xi="http://www.w3.org/2001/XInclude" href="hd_sdb_line_GBDEDIT.xml"/>
<BR AutoHeight="1"/><xi:include xmlns:xi="http://www.w3.org/2001/XInclude" href="hd_sdb_line_GBOPE.xml"/>
<xi:include xmlns:xi="http://www.w3.org/2001/XInclude" href="hd_sdb_line_Vh.xml"/></Ctrls></GroupBox></Ctrls>
	<OnChanged></OnChanged>
	<OnActivate><SetVisible name="inserthd_sbp_line" Visible="1"/><SetVisible name="modifyhd_sbp_line" Visible="0"/></OnActivate>
</WndTap>
