﻿<GroupBox Name="GBDVhd_sbp_header" m_cols="xs12 sm12 md12 lg12" visible="0"><Ctrls>
<ListCtrl Name="hd_sbp_headerLst" ToolTip="ttp_hd_sbp_header" Size="70,20" visible="0" loadedclick="1">
	<DbDetails fcsm="1">
<DbTable>xbs.hd_sbp_header</DbTable>
<Index>hd_sbp_header_id</Index>
<Data>business_process,service_order_cb,service_request_cb,service_contract_cb,description,created_by,creation_date,last_update_by,last_update_date,hd_sbp_header_id</Data>
<Order>hd_sbp_header_id</Order></DbDetails>
<OnClick><assign name="created_by[xerp_user_id]" expr="%{hd_sbp_headerLst[created_by]}" function="SetSel"/>
<if cond="%{hd_sbp_header_id}"><SetVisible name="inserthd_sbp_header" Visible="0"/><SetVisible name="modifyhd_sbp_header" Visible="1"/></if>
</OnClick>
</ListCtrl>
</Ctrls></GroupBox>