﻿<WndTap Name="hd_sbp_header_v" Text="hd_sbp_header">
<WndTaps>
<xi:include xmlns:xi="http://www.w3.org/2001/XInclude" href="hd_sdb_header_Ve.xml" popup="1"/>
<xi:include xmlns:xi="http://www.w3.org/2001/XInclude" href="hd_sdb_line_Ve.xml" popup="1"/>
</WndTaps>
<xi:include xmlns:xi="http://www.w3.org/2001/XInclude" href="lan\hd_sdb_header.xml"/>
<Ctrls><GroupBox  Name="GBhd_sbp_header" id="hd_sbp_header" Text="hd_sbp_header" Size="100,100"><Ctrls>
<xi:include xmlns:xi="http://www.w3.org/2001/XInclude" href="hd_sdb_header_Vs.xml"/>
<BR AutoHeight="1"/><GroupBox  Name="GBOPVhd_sbp_header" Size="100,20" m_cols="xs12 sm12 md12 lg12"><Ctrls>
<Button Text="addone" ToolTip="ttp_addone" Name="addone" Size="50,20">	<OnClick><submit next="$this.hd_sbp_header.GBDEDIThd_sbp_header" function="reset"/></OnClick>	</Button><TAB/>	
<Button Text="reset" ToolTip="ttp_resethd_sbp_header" Name="resethd_sbp_header" Size="50,20">	<OnClick>	<submit next="GBDEDIThd_sbp_header" function="reset"/>	</OnClick>	</Button><TAB/>	
<Button Text="gsearch" ToolTip="ttp_gsearchhd_sbp_header" Name="gsearchhd_sbp_header" Size="50,20" visible="true">	<OnClick>	<search next="hd_sbp_header_vLst" listed="0" prefixwhere="0" inputed="1"></search><submit next="GBDEDIThd_sbp_header" namelist="search" function="search"/>	</OnClick>	</Button><TAB/></Ctrls></GroupBox>
<BR AutoHeight="1"/><xi:include xmlns:xi="http://www.w3.org/2001/XInclude" href="hd_sdb_header_Vv.xml"/>
</Ctrls></GroupBox>
</Ctrls></WndTap>
