<GroupBox Name="GBDVbom_routing_line" cols="xs12 sm12 md12 lg12"><Ctrls>
<ListCtrl Name="bom_routing_line_vLst" ToolTip="ttp_bom_routing_line" Size="700,420" Heading="routing_sequence,120;routing_seq_num,60;standard_operation_id,120;department_id,120;lead_time_percentage,120;effective_start_date,90;effective_end_date,90;yield,30;minimum_transfer_quantity,60;description,640;created_by,60;creation_date,150;last_update_by,60;last_update_date,150;bom_routing_line_id,60;" loadedclick="0">
	<DbDetails >
<DbTable>xbs.bom_routing_line b left join xbs.bom_standard_operation b0 on b.standard_operation_id=b0.bom_standard_operation_id left join xbs.bom_department b1 on b.department_id=b1.bom_department_id</DbTable>
<Index>bom_routing_line_id</Index>
<Data>b.routing_sequence,b.routing_seq_num,b0.standard_operation standard_operation_id,b1.department department_id,b.lead_time_percentage,b.effective_start_date,b.effective_end_date,b.yield,b.minimum_transfer_quantity,b.description,b.created_by,b.creation_date,b.last_update_by,b.last_update_date,b.bom_routing_line_id</Data>
<Order>bom_routing_line_id</Order></DbDetails>
<operator refresh="1" firstpage="1" prepage="1" nextpage="1">
<EvalTbl rules="" table="bom_menu_rule">
<rules><xi:include xmlns:xi="http://www.w3.org/2001/XInclude" href="rule/bom_menu_rule.xml"/></rules>
<inputs hasWO="%{hasWO}"/>
<outputs title="text" disabled="disabled"/></EvalTbl>
<op text="addone" mustselected="0"><if cond="!%{bom_routing_header_id}"><alert expr="请先添加或选择已有项目！"/><else/><DbDetails><Where>bom_routing_header_id='%{bom_routing_header_id}'</Where></DbDetails><submit namelist="DbDetails" next="$parent.bom_routing_line.bom_routing_header_id"/></if></op>
<op text="modify"><DbDetails><Where>bom_routing_header_id='%{bom_routing_header_id}'</Where></DbDetails><submit namelist="DbDetails" next="$parent.bom_routing_line.bom_routing_header_id"/><DbDetails><Where>bom_routing_line_id='%{bom_routing_line_vLst[bom_routing_line_id]}'</Where></DbDetails><submit namelist="DbDetails" next="$parent.bom_routing_line.bom_routing_lineLst"/></op>
<op text="routing_resource"><assign name="$parent.bom_routing_detail_V.bom_routing_line_id" expr="%{bom_routing_line_vLst[bom_routing_line_id]}"/><DbDetails><Where>bom_routing_line_id='%{bom_routing_line_vLst[bom_routing_line_id]}'</Where></DbDetails><submit namelist="DbDetails" next="$parent.bom_routing_detail_V.bom_routing_detail_vLst"/></op>
<op text="delete" needconfirm="1"><DbDetails>
<DbTable>xbs.bom_routing_line</DbTable>
<Where>bom_routing_line_id='%{bom_routing_line_vLst[bom_routing_line_id]}'</Where>
<queryFormat>delete from %{table} where %{where}</queryFormat></DbDetails>
<submit namelist="DbDetails"/><submit/></op>
</operator>
</ListCtrl>
</Ctrls></GroupBox>